Workbook

Sheet Dashboard
A1: FACTORY PERFORMANCE DASHBOARD
A2: KPI | B2: Actual | C2: Target
A3: Total Planned Units | B3: =SUM(ProductionPlan!E:E) -> 495 | C3: 500
A4: Total Actual Units | B4: =SUM(DailyProduction!F:F) -> 296 | C4: 500
A5: Total Good Units | B5: =SUM(DailyProduction!G:G) -> 290 | C5: 490
A6: Total Scrap Units | B6: =SUM(DailyProduction!H:H) -> 6 | C6: <10
A7: Production Achievement % | B7: =IFERROR(B4/B3,0) -> 0.5979798 | C7: 1
A8: Scrap Rate % | B8: =IFERROR(B6/B4,0) -> 0.02027027 | C8: <2%
A9: Total Downtime Hours | B9: =SUM(DailyProduction!J:J) -> 13 | C9: <20
A10: Average Machine Utilisation | B10: =AVERAGE(Machines!H:H) -> 0.90625 | C10: >85%
A11: Total Maintenance Cost | B11: =SUM(Maintenance!I:I) -> 1400 | C11: -
A12: Purchase Order Value | B12: =SUM(Purchasing!I:I) -> 8750 | C12: -

Sheet Products
A1: Product Code | B1: Product Name | C1: Product Category | D1: Unit | E1: Standard Selling Price | F1: Standard Production Time (hrs) | G1: Active
A2: P-1001 | B2: Steel Cabinet | C2: Finished Product | D2: each | E2: 185 | F2: 1.5 | G2: Yes
A3: P-1002 | B3: Steel Workbench | C3: Finished Product | D3: each | E3: 320 | F3: 2.5 | G3: Yes
A4: P-1003 | B4: Steel Storage Locker | C4: Finished Product | D4: each | E4: 145 | F4: 1.2 | G4: Yes
A5: P-1004 | B5: Tool Cabinet | C5: Finished Product | D5: each | E5: 275 | F5: 2 | G5: Yes

Sheet BOM
A1: BOM ID | B1: Product Code | C1: Product Name | D1: Component Code | E1: Component Description | F1: Component Type | G1: Qty Per Unit | H1: Unit | I1: Scrap % | J1: Effective Date
A2: BOM-001 | B2: P-1001 | C2: Steel Cabinet | D2: RM-001 | E2: Mild Steel Sheet | F2: Raw Material | G2: 2.5 | H2: kg | I2: 0.02 | J2: 46023
A3: BOM-002 | B3: P-1001 | C3: Steel Cabinet | D3: RM-002 | E3: Steel Handle | F3: Component | G3: 1 | H3: each | I3: 0 | J3: 46023
A4: BOM-003 | B4: P-1001 | C4: Steel Cabinet | D4: RM-003 | E4: Hinge | F4: Component | G4: 2 | H4: each | I4: 0.01 | J4: 46023
A5: BOM-004 | B5: P-1001 | C5: Steel Cabinet | D5: RM-004 | E5: Lock Assembly | F5: Component | G5: 1 | H5: each | I5: 0 | J5: 46023
A6: BOM-005 | B6: P-1001 | C6: Steel Cabinet | D6: RM-005 | E6: Powder Paint | F6: Raw Material | G6: 0.35 | H6: kg | I6: 0.05 | J6: 46023
A7: BOM-006 | B7: P-1002 | C7: Steel Workbench | D7: RM-001 | E7: Mild Steel Sheet | F7: Raw Material | G7: 4.5 | H7: kg | I7: 0.02 | J7: 46023
A8: BOM-007 | B8: P-1002 | C8: Steel Workbench | D8: RM-006 | E8: Workbench Leg | F8: Component | G8: 4 | H8: each | I8: 0 | J8: 46023
A9: BOM-008 | B9: P-1002 | C9: Steel Workbench | D9: RM-007 | E9: Rubber Foot | F9: Component | G9: 4 | H9: each | I9: 0.01 | J9: 46023
A10: BOM-009 | B10: P-1002 | C10: Steel Workbench | D10: RM-005 | E10: Powder Paint | F10: Raw Material | G10: 0.5 | H10: kg | I10: 0.05 | J10: 46023
A11: BOM-010 | B11: P-1003 | C11: Steel Storage Locker | D11: RM-001 | E11: Mild Steel Sheet | F11: Raw Material | G11: 1.8 | H11: kg | I11: 0.02 | J11: 46023
A12: BOM-011 | B12: P-1003 | C12: Steel Storage Locker | D12: RM-008 | E12: Locker Handle | F12: Component | G12: 1 | H12: each | I12: 0 | J12: 46023
A13: BOM-012 | B13: P-1003 | C13: Steel Storage Locker | D13: RM-003 | E13: Hinge | F13: Component | G13: 2 | H13: each | I13: 0.01 | J13: 46023
A14: BOM-013 | B14: P-1003 | C14: Steel Storage Locker | D14: RM-005 | E14: Powder Paint | F14: Raw Material | G14: 0.25 | H14: kg | I14: 0.05 | J14: 46023

Sheet ProductionPlan
A1: Production Order | B1: Planned Date | C1: Product Code | D1: Product Name | E1: Planned Quantity | F1: Priority | G1: Production Line | H1: Status
A2: PO-260801 | B2: 46252 | C2: P-1001 | D2: Steel Cabinet | E2: 100 | F2: High | G2: Line 1 | H2: Planned
A3: PO-260802 | B3: 46252 | C3: P-1002 | D3: Steel Workbench | E3: 50 | F3: Medium | G3: Line 1 | H3: Planned
A4: PO-260803 | B4: 46253 | C4: P-1003 | D4: Steel Storage Locker | E4: 150 | F4: High | G4: Line 2 | H4: Planned
A5: PO-260804 | B5: 46253 | C5: P-1001 | D5: Steel Cabinet | E5: 120 | F5: Medium | G5: Line 1 | H5: Planned
A6: PO-260805 | B6: 46254 | C6: P-1004 | D6: Tool Cabinet | E6: 75 | F6: Low | G6: Line 2 | H6: Planned

Sheet DailyProduction
A1: Date | B1: Production Order | C1: Product Code | D1: Product Name | E1: Planned Qty | F1: Actual Qty | G1: Good Qty | H1: Scrap Qty | I1: Production Hours | J1: Downtime Hours | K1: Operator | L1: Shift | M1: Production Variance | N1: Achievement % | O1: Scrap %
A2: 46252 | B2: PO-260801 | C2: P-1001 | D2: Steel Cabinet | E2: 100 | F2: 96 | G2: 94 | H2: 2 | I2: 142 | J2: 6 | K2: J Smith | L2: Day | M2: =E2-F2 -> 4 | N2: =IFERROR(F2/E2,0) -> 0.96 | O2: =IFERROR(H2/F2,0) -> 0.020833333
A3: 46252 | B3: PO-260802 | C3: P-1002 | D3: Steel Workbench | E3: 50 | F3: 48 | G3: 47 | H3: 1 | I3: 121 | J3: 4 | K3: A Brown | L3: Day | M3: =E3-F3 -> 2 | N3: =IFERROR(F3/E3,0) -> 0.96 | O3: =IFERROR(H3/F3,0) -> 0.020833333
A4: 46253 | B4: PO-260803 | C4: P-1003 | D4: Steel Storage Locker | E4: 150 | F4: 152 | G4: 149 | H4: 3 | I4: 184 | J4: 3 | K4: M Wilson | L4: Day | M4: =E4-F4 -> -2 | N4: =IFERROR(F4/E4,0) -> 1.0133333 | O4: =IFERROR(H4/F4,0) -> 0.019736842

Sheet Inventory
A1: Item Code | B1: Item Description | C1: Item Type | D1: Unit | E1: Opening Stock | F1: Receipts | G1: Material Used | H1: Current Stock | I1: Reorder Level | J1: Reorder Qty | K1: Supplier | L1: Status
A2: RM-001 | B2: Mild Steel Sheet | C2: Raw Material | D2: kg | E2: 2500 | F2: 500 | G2: 1350 | H2: =E2+F2-G2 -> 1650 | I2: 1000 | J2: 2000 | K2: Steel Suppliers Ltd | L2: =IF(H2<=I2,"REORDER","OK") -> OK
A3: RM-002 | B3: Steel Handle | C3: Component | D3: each | E3: 600 | F3: 0 | G3: 100 | H3: =E3+F3-G3 -> 500 | I3: 200 | J3: 500 | K3: Hardware Components Ltd | L3: =IF(H3<=I3,"REORDER","OK") -> OK
A4: RM-003 | B4: Hinge | C4: Component | D4: each | E4: 1200 | F4: 500 | G4: 300 | H4: =E4+F4-G4 -> 1400 | I4: 300 | J4: 1000 | K4: Hardware Components Ltd | L4: =IF(H4<=I4,"REORDER","OK") -> OK
A5: RM-004 | B5: Lock Assembly | C5: Component | D5: each | E5: 400 | F5: 0 | G5: 100 | H5: =E5+F5-G5 -> 300 | I5: 150 | J5: 500 | K5: Security Parts Ltd | L5: =IF(H5<=I5,"REORDER","OK") -> OK
A6: RM-005 | B6: Powder Paint | C6: Raw Material | D6: kg | E6: 300 | F6: 100 | G6: 60 | H6: =E6+F6-G6 -> 340 | I6: 100 | J6: 300 | K6: Powder Coatings Ltd | L6: =IF(H6<=I6,"REORDER","OK") -> OK
A7: RM-006 | B7: Workbench Leg | C7: Component | D7: each | E7: 250 | F7: 0 | G7: 200 | H7: =E7+F7-G7 -> 50 | I7: 100 | J7: 400 | K7: Metal Components Ltd | L7: =IF(H7<=I7,"REORDER","OK") -> REORDER
A8: RM-007 | B8: Rubber Foot | C8: Component | D8: each | E8: 300 | F8: 0 | G8: 200 | H8: =E8+F8-G8 -> 100 | I8: 100 | J8: 400 | K8: Rubber Products Ltd | L8: =IF(H8<=I8,"REORDER","OK") -> REORDER
A9: RM-008 | B9: Locker Handle | C9: Component | D9: each | E9: 300 | F9: 0 | G9: 150 | H9: =E9+F9-G9 -> 150 | I9: 100 | J9: 400 | K9: Hardware Components Ltd | L9: =IF(H9<=I9,"REORDER","OK") -> OK

Sheet Purchasing
A1: Purchase Order | B1: Supplier | C1: Item Code | D1: Item Description | E1: Order Date | F1: Required Date | G1: Quantity | H1: Unit Cost | I1: Total Cost | J1: Status
A2: PO-5001 | B2: Steel Suppliers Ltd | C2: RM-001 | D2: Mild Steel Sheet | E2: 46252 | F2: 46255 | G2: 2000 | H2: 2.8 | I2: =G2*H2 -> 5600 | J2: Ordered
A3: PO-5002 | B3: Hardware Components Ltd | C3: RM-003 | D3: Hinge | E3: 46252 | F3: 46256 | G3: 1000 | H3: 1.2 | I3: =G3*H3 -> 1200 | J3: Ordered
A4: PO-5003 | B4: Powder Coatings Ltd | C4: RM-005 | D4: Powder Paint | E4: 46252 | F4: 46255 | G4: 300 | H4: 6.5 | I4: =G4*H4 -> 1950 | J4: Pending

Sheet Machines
A1: Machine ID | B1: Machine Name | C1: Machine Type | D1: Production Line | E1: Available Hours | F1: Operating Hours | G1: Downtime Hours | H1: Utilisation % | I1: Status
A2: M-001 | B2: Laser Cutter | C2: Laser Cutting | D2: Line 1 | E2: 160 | F2: 142 | G2: 18 | H2: =F2/E2 -> 0.8875 | I2: Operational
A3: M-002 | B3: Press Brake | C3: Forming | D3: Line 1 | E3: 160 | F3: 148 | G3: 12 | H3: =F3/E3 -> 0.925 | I3: Operational
A4: M-003 | B4: Welding Station | C4: Welding | D4: Line 1 | E4: 160 | F4: 151 | G4: 9 | H4: =F4/E4 -> 0.94375 | I4: Operational
A5: M-004 | B5: Powder Coating Line | C5: Painting | D5: Line 2 | E5: 160 | F5: 139 | G5: 21 | H5: =F5/E5 -> 0.86875 | I5: Operational
A6: M-005 | B6: Assembly Station | C6: Assembly | D6: Line 2 | E6: 160 | F6: 145 | G6: 15 | H6: =F6/E6 -> 0.90625 | I6: Operational

Sheet Maintenance
A1: Maintenance ID | B1: Machine ID | C1: Machine Name | D1: Maintenance Type | E1: Planned Date | F1: Actual Date | G1: Downtime Hours | H1: Technician | I1: Cost | J1: Work Description | K1: Status
A2: MNT-001 | B2: M-001 | C2: Laser Cutter | D2: Preventive | E2: 46254 | F2: 46254 | G2: 4 | H2: J Taylor | I2: 350 | J2: Lens and filter replacement | K2: Completed
A3: MNT-002 | B3: M-002 | C3: Press Brake | D3: Preventive | E3: 46256 | H3: J Taylor | I3: 200 | J3: Hydraulic inspection | K3: Scheduled
A4: MNT-003 | B4: M-004 | C4: Powder Coating Line | D4: Repair | E4: 46251 | F4: 46251 | G4: 8 | H4: R Patel | I4: 850 | J4: Heating element replacement | K4: Completed

Sheet QualityControl

Sheet Staff&Shifts
A1: Employee ID | B1: Employee Name | C1: Department | D1: Role | E1: Shift | F1: Date | G1: Hours Worked | H1: Overtime Hours | I1: Absence | J1: Production Order
A2: EMP-001 | B2: J Smith | C2: Production | D2: Operator | E2: Day | F2: 46252 | G2: 8 | H2: 1 | I2: No | J2: PO-260801
A3: EMP-002 | B3: A Brown | C3: Production | D3: Operator | E3: Day | F3: 46252 | G3: 8 | H3: 0 | I3: No | J3: PO-260802
A4: EMP-003 | B4: M Wilson | C4: Production | D4: Operator | E4: Day | F4: 46253 | G4: 8 | H4: 0 | I4: No | J4: PO-260803
A5: EMP-004 | B5: S Evans | C5: Quality | D5: Inspector | E5: Day | F5: 46252 | G5: 8 | H5: 0 | I5: No | J5: QC
A6: EMP-005 | B6: J Taylor | C6: Maintenance | D6: Technician | E6: Day | F6: 46252 | G6: 8 | H6: 0 | I6: No | J6: Maintenance

Sheet ProductCosting
A1: Product Code | B1: Product Name | C1: Material Cost per Unit | D1: Labour Cost per Unit | E1: Machine Cost per Unit | F1: Total Production Cost | G1: Selling Price | H1: Gross Margin | I1: Gross Margin %
A2: P-1001 | B2: Steel Cabinet | C2: =SUMIF(BOM!B:B,A2,BOM!G:G) -> 6.85 | D2: 25 | E2: 18 | F2: =C2+D2+E2 -> 49.85 | G2: 185 | H2: =G2-F2 -> 135.15 | I2: =H2/G2 -> 0.73054054
A3: P-1002 | B3: Steel Workbench | C3: =SUMIF(BOM!B:B,A3,BOM!G:G) -> 13 | D3: 40 | E3: 30 | F3: =C3+D3+E3 -> 83 | G3: 320 | H3: =G3-F3 -> 237 | I3: =H3/G3 -> 0.740625
A4: P-1003 | B4: Steel Storage Locker | C4: =SUMIF(BOM!B:B,A4,BOM!G:G) -> 5.05 | D4: 20 | E4: 15 | F4: =C4+D4+E4 -> 40.05 | G4: 145 | H4: =G4-F4 -> 104.95 | I4: =H4/G4 -> 0.7237931
